{"cameraMode":{"drawMode":0,"name":"Shaded","section":"Shading Mode"},"sceneLighting":true,"audioPlay":false,"sceneViewState":{"showFog":false,"showMaterialUpdate":false,"showSkybox":false,"showFlares":false,"showImageEffects":false,"showParticleSystems":false},"in2DMode":false,"pivot":{"x":0.31455904245376589,"y":-18.791152954101564,"z":-72.44451904296875},"rotation":{"x":-0.004196818917989731,"y":-0.9865415096282959,"z":0.1615476906299591,"w":-0.025751963257789613},"size":87.95158386230469,"orthographic":false}